Month Start,Month,Crime Count
2015-04-01,2015-04,19940
2015-05-01,2015-05,21406
2015-06-01,2015-06,20680
2015-07-01,2015-07,21563
2015-08-01,2015-08,21709
2015-09-01,2015-09,20213
2015-10-01,2015-10,20747
2015-11-01,2015-11,18480
2015-12-01,2015-12,19447
2016-01-01,2016-01,23627
2016-02-01,2016-02,19644
2016-03-01,2016-03,22341
2016-04-01,2016-04,21505
2016-05-01,2016-05,23647
2016-06-01,2016-06,23202
2016-07-01,2016-07,24215
2016-08-01,2016-08,23713
2016-09-01,2016-09,22260
2016-10-01,2016-10,22965
2016-11-01,2016-11,20914
2016-12-01,2016-12,20911
2017-01-01,2017-01,21076
2017-02-01,2017-02,16454
2017-03-01,2017-03,18505
2017-04-01,2017-04,18902
2017-05-01,2017-05,20221
2017-06-01,2017-06,19696
2017-07-01,2017-07,20078
